id,pop,drainage,species,lat,lon
AA004433,Mybel_McDonald,Namoi,Myuchelys_bellii,-30.940122,151.324825
AA004434,Mybel_McDonald,Namoi,Myuchelys_bellii,-30.940122,151.324825
AA004435,Mybel_McDonald,Namoi,Myuchelys_bellii,-30.940122,151.324825
AA004436,Mybel_McDonald,Namoi,Myuchelys_bellii,-30.940122,151.324825
AA004437,Mybel_McDonald,Namoi,Myuchelys_bellii,-30.940122,151.324825
AA004438,Mybel_McDonald,Namoi,Myuchelys_bellii,-30.940122,151.324825
AA004439,Mybel_McDonald,Namoi,Myuchelys_bellii,-30.940122,151.324825
AA004440,Mybel_McDonald,Namoi,Myuchelys_bellii,-30.940122,151.324825
AA004441,Mybel_McDonald,Namoi,Myuchelys_bellii,-30.940122,151.324825
AA004442,Mybel_McDonald,Namoi,Myuchelys_bellii,-30.940122,151.324825
AA004459,Mybel_Roumala,Gwydir,Myuchelys_bellii,-30.508482,151.119529
AA004460,Mybel_Roumala,Gwydir,Myuchelys_bellii,-30.508482,151.119529
AA004461,Mybel_Roumala,Gwydir,Myuchelys_bellii,-30.508482,151.119529
AA004462,Mybel_Roumala,Gwydir,Myuchelys_bellii,-30.51561,151.121025
AA004463,Mybel_Roumala,Gwydir,Myuchelys_bellii,-30.508482,151.119529
AA004464,Mybel_Roumala,Gwydir,Myuchelys_bellii,-30.508482,151.119529
AA004465,Mybel_Roumala,Gwydir,Myuchelys_bellii,-30.508482,151.119529
AA004466,Mybel_Roumala,Gwydir,Myuchelys_bellii,-30.508482,151.119529
AA004467,Mybel_Roumala,Gwydir,Myuchelys_bellii,-30.508482,151.119529
AA004468,Mybel_Roumala,Gwydir,Myuchelys_bellii,-30.508482,151.119529
AA004469,Mybel_Roumala,Gwydir,Myuchelys_bellii,-30.508482,151.119529
AA004470,Mybel_Roumala,Gwydir,Myuchelys_bellii,-30.508482,151.119529
AA004471,Mybel_Roumala,Gwydir,Myuchelys_bellii,-30.508482,151.119529
AA004472,Mybel_Roumala,Gwydir,Myuchelys_bellii,-30.508482,151.119529
AA004473,Mybel_Roumala,Gwydir,Myuchelys_bellii,-30.508482,151.119529
AA004474,Mybel_Roumala,Gwydir,Myuchelys_bellii,-30.508482,151.119529
AA004475,Mybel_Roumala,Gwydir,Myuchelys_bellii,-30.508482,151.119529
AA004476,Mybel_Roumala,Gwydir,Myuchelys_bellii,-30.508482,151.119529
AA042479,Mybel_McDonald,Namoi,Myuchelys_bellii,-30.940122,151.324825
AA042480,Mybel_McDonald,Namoi,Myuchelys_bellii,-30.940122,151.324825
AA042481,Mybel_Watsons,Namoi,Myuchelys_bellii,-30.685503,151.121153
AA042482,Mybel_Watsons,Namoi,Myuchelys_bellii,-30.685503,151.121153
AA042483,Mybel_Watsons,Namoi,Myuchelys_bellii,-30.685503,151.121153
AA042484,Mybel_Watsons,Namoi,Myuchelys_bellii,-30.685503,151.121153
AA042485,Mybel_Watsons,Namoi,Myuchelys_bellii,-30.685503,151.121153
AA042486,Mybel_Watsons,Namoi,Myuchelys_bellii,-30.685503,151.121153
AA042487,Mybel_Watsons,Namoi,Myuchelys_bellii,-30.685503,151.121153
AA042488,Mybel_Watsons,Namoi,Myuchelys_bellii,-30.685503,151.121153
AA042489,Mybel_Watsons,Namoi,Myuchelys_bellii,-30.685503,151.121153
AA042490,Mybel_Watsons,Namoi,Myuchelys_bellii,-30.685503,151.121153
AA042496,Mybel_Gwydir,Gwydir,Myuchelys_bellii,-30.478209,151.300572
AA042497,Mybel_Gwydir_Harwood,Gwydir,Myuchelys_bellii,-30.467952,151.311062
AA042498,Mybel_Gwydir_Harwood,Gwydir,Myuchelys_bellii,-30.467952,151.311062
AA042499,Mybel_Gwydir_Harwood,Gwydir,Myuchelys_bellii,-30.467952,151.311062
AA042500,Mybel_Gwydir_Harwood,Gwydir,Myuchelys_bellii,-30.467952,151.311062
AA061829,Mybel_Moredun,Gwydir,Myuchelys_bellii,-30.16712,151.07532
AA061831,Mybel_Moredun,Gwydir,Myuchelys_bellii,-30.16712,151.07532
AA18895,Mybel_BaldRock,Border-Nth,Myuchelys_bellii,-28.829497,151.939868
ARC001_Cheek,Mybel_Swab,Captive,Myuchelys_bellii,,
ARC002,Mybel_Blood,Captive,Myuchelys_bellii,,
ARC002_Cheek,Mybel_Swab,Captive,Myuchelys_bellii,,
ARC003,Mybel_Blood,Captive,Myuchelys_bellii,,
ARC003_Cheek,Mybel_Swab,Captive,Myuchelys_bellii,,
ARC004,Mybel_Blood,Captive,Myuchelys_bellii,,
ARC004_Cheek,Mybel_Swab,Captive,Myuchelys_bellii,,
ARC005,Mybel_Blood,Captive,Myuchelys_bellii,,
ARC005_Cheek,Mybel_Swab,Captive,Myuchelys_bellii,,
ARC006,Mybel_Blood,Captive,Myuchelys_bellii,,
ARC006_Cheek,Mybel_Swab,Captive,Myuchelys_bellii,,
ARC007,Mybel_Blood,Captive,Myuchelys_bellii,,
ARC007_Cheek,Mybel_Swab,Captive,Myuchelys_bellii,,
ARC008,Mypur_Blood,Captive,Myuchelys_purvisi,,
ARC008_Cheek,Mypur_Swab,Captive,Myuchelys_purvisi,,
ARC009,Mypur_Blood,Captive,Myuchelys_purvisi,,
ARC009_Cheek,Mypur_Swab,Captive,Myuchelys_purvisi,,
ARC010,Mypur_Blood,Captive,Myuchelys_purvisi,,
ARC010_Cheek,Mypur_Swab,Captive,Myuchelys_purvisi,,
ARC011,Mypur_Blood,Captive,Myuchelys_purvisi,,
ARC011_Cheek,Mypur_Swab,Captive,Myuchelys_purvisi,,
ARC012,Mypur_Blood,Captive,Myuchelys_purvisi,,
ARC012_Cheek,Mypur_Swab,Captive,Myuchelys_purvisi,,
ARC013_Cheek,Mypur_Swab,Captive,Myuchelys_purvisi,,
ARC014,Mypur_Blood,Captive,Myuchelys_purvisi,,
ARC014_Cheek,Mypur_Swab,Captive,Myuchelys_purvisi,,
ARC015,Mypur_Blood,Captive,Myuchelys_purvisi,,
ARC015_Cheek,Mypur_Swab,Captive,Myuchelys_purvisi,,
ARC016,Mypur_Blood,Captive,Myuchelys_purvisi,,
ARC016_Cheek,Mypur_Swab,Captive,Myuchelys_purvisi,,
ARC017,Mypur_Blood,Captive,Myuchelys_purvisi,,
ARC017_Cheek,Mypur_Swab,Captive,Myuchelys_purvisi,,
ARC018,Mypur_Blood,Captive,Myuchelys_purvisi,,
ARC018_Cheek,Mypur_Swab,Captive,Myuchelys_purvisi,,
ARK001,Mybel_Blood,Captive,Myuchelys_bellii,,
Bella_egg_1,Bella_egg,Bellinger,Myuchelys_georgesi,-30.4208,152.7541
Bella_egg_10,Bella_egg,Bellinger,Myuchelys_georgesi,-30.4208,152.7541
Bella_egg_11,Bella_egg,Bellinger,Myuchelys_georgesi,-30.4208,152.7541
Bella_egg_12,Bella_egg,Bellinger,Myuchelys_georgesi,-30.4208,152.7541
Bella_egg_13,Bella_egg,Bellinger,Myuchelys_georgesi,-30.4208,152.7541
Bella_egg_14,Bella_egg,Bellinger,Myuchelys_georgesi,-30.4208,152.7541
Bella_egg_15,Bella_egg,Bellinger,Myuchelys_georgesi,-30.4208,152.7541
Bella_egg_16,Bella_egg,Bellinger,Myuchelys_georgesi,-30.4208,152.7541
Bella_egg_17,Bella_egg,Bellinger,Myuchelys_georgesi,-30.4208,152.7541
Bella_egg_18,Bella_egg,Bellinger,Myuchelys_georgesi,-30.4208,152.7541
Bella_egg_19,Bella_egg,Bellinger,Myuchelys_georgesi,-30.4208,152.7541
Bella_egg_2,Bella_egg,Bellinger,Myuchelys_georgesi,-30.4208,152.7541
Bella_egg_20,Bella_egg,Bellinger,Myuchelys_georgesi,-30.4208,152.7541
Bella_egg_21,Bella_egg,Bellinger,Myuchelys_georgesi,-30.4208,152.7541
Bella_egg_22,Bella_egg,Bellinger,Myuchelys_georgesi,-30.4208,152.7541
Bella_egg_23,Bella_egg,Bellinger,Myuchelys_georgesi,-30.4208,152.7541
Bella_egg_24,Bella_egg,Bellinger,Myuchelys_georgesi,-30.4208,152.7541
Bella_egg_3,Bella_egg,Bellinger,Myuchelys_georgesi,-30.4208,152.7541
Bella_egg_4,Bella_egg,Bellinger,Myuchelys_georgesi,-30.4208,152.7541
Bella_egg_5,Bella_egg,Bellinger,Myuchelys_georgesi,-30.4208,152.7541
Bella_egg_6,Bella_egg,Bellinger,Myuchelys_georgesi,-30.4208,152.7541
Bella_egg_7,Bella_egg,Bellinger,Myuchelys_georgesi,-30.4208,152.7541
Bella_egg_8,Bella_egg,Bellinger,Myuchelys_georgesi,-30.4208,152.7541
Bella_egg_9,Bella_egg,Bellinger,Myuchelys_georgesi,-30.4208,152.7541
BX001701,Mypur_captive,Manning,Myuchelys_purvisi,,
BX001702,Mypur_captive,Manning,Myuchelys_purvisi,,
BX001703,Mypur_captive,Manning,Myuchelys_purvisi,,
BX001704,Mypur_captive,Manning,Myuchelys_purvisi,,
BX001705,Mypur_captive,Manning,Myuchelys_purvisi,,
BX001706,Mypur_captive,Manning,Myuchelys_purvisi,,
BX006886,Mypur_captive_adult1,Manning,Myuchelys_purvisi,,
BX006887,Mypur_captive_adult6,Manning,Myuchelys_purvisi,,
BX006888,Mypur_captive,Manning,Myuchelys_purvisi,,
BX006889,Mypur_captive,Manning,Myuchelys_purvisi,,
BX006890,Mypur_captive,Manning,Myuchelys_purvisi,,
BX006891,Mypur_captive,Manning,Myuchelys_purvisi,,
BX006893,Mypur_captive,Manning,Myuchelys_purvisi,,
BX006903,Mypur_captive_adult2,Manning,Myuchelys_purvisi,,
BX006904,Mypur_captive_adult7,Manning,Myuchelys_purvisi,,
BX006905,Mypur_captive,Manning,Myuchelys_purvisi,,
BX006906,Mypur_captive,Manning,Myuchelys_purvisi,,
BX006907,Mypur_captive,Manning,Myuchelys_purvisi,,
BX006908,Mypur_captive,Manning,Myuchelys_purvisi,,
BX006910,Mypur_captive,Manning,Myuchelys_purvisi,,
BX006920,Mypur_captive_adult3,Manning,Myuchelys_purvisi,,
BX006921,Mypur_captive_adult8,Manning,Myuchelys_purvisi,,
BX006922,Mypur_captive,Manning,Myuchelys_purvisi,,
BX006923,Mypur_captive,Manning,Myuchelys_purvisi,,
BX006924,Mypur_captive,Manning,Myuchelys_purvisi,,
BX006925,Mypur_captive,Manning,Myuchelys_purvisi,,
BX006927,Mypur_captive,Manning,Myuchelys_purvisi,,
BX006937,Mypur_captive_adult4,Manning,Myuchelys_purvisi,,
BX006938,Mypur_captive_adult9,Manning,Myuchelys_purvisi,,
BX006939,Mypur_captive,Manning,Myuchelys_purvisi,,
BX006940,Mypur_captive,Manning,Myuchelys_purvisi,,
BX006941,Mypur_captive,Manning,Myuchelys_purvisi,,
BX006942,Mypur_captive,Manning,Myuchelys_purvisi,,
BX006944,Mypur_captive,Manning,Myuchelys_purvisi,,
BX006954,Mypur_captive_adult5,Manning,Myuchelys_purvisi,,
BX006955,Mypur_captive,Manning,Myuchelys_purvisi,,
BX006956,Mypur_captive,Manning,Myuchelys_purvisi,,
BX006957,Mypur_captive,Manning,Myuchelys_purvisi,,
BX006958,Mypur_captive,Manning,Myuchelys_purvisi,,
BX006959,Mypur_captive,Manning,Myuchelys_purvisi,,
BX006961,Mypur_captive,Manning,Myuchelys_purvisi,,
LSWt001,Emmac_Deepwater_Stn,Border-Nth,Emydura_macquarii,-29.425255,151.842573
LSWt002,Emmac_Deepwater_Stn,Border-Nth,Emydura_macquarii,-29.425255,151.842573
LSWt003,Emmac_Deepwater_Stn,Border-Nth,Emydura_macquarii,-29.425255,151.842573
LSWt004,Emmac_Deepwater_Stn,Border-Nth,Emydura_macquarii,-29.425255,151.842573
LSWt005,Emmac_Deepwater_Stn,Border-Nth,Emydura_macquarii,-29.425255,151.842573
LSWt006,Emmac_Deepwater_Stn,Border-Nth,Emydura_macquarii,-29.425255,151.842573
LSWt007,Emmac_Deepwater_Stn,Border-Nth,Emydura_macquarii,-29.425255,151.842573
LSWt008,Emmac_Kurrajong_Stn,Border-Nth,Emydura_macquarii,-29.38272,151.88449
LSWt009,Emmac_Kurrajong_Stn,Border-Nth,Emydura_macquarii,-29.38272,151.88449
LSWt010,Emmac_Kurrajong_Stn,Border-Nth,Emydura_macquarii,-29.38272,151.88449
LSWt011,Emmac_Kurrajong_Stn,Border-Nth,Emydura_macquarii,-29.38272,151.88449
LSWt012,Emmac_Kurrajong_Stn,Border-Nth,Emydura_macquarii,-29.38272,151.88449
LSWt013,Emmac_Kurrajong_Stn,Border-Nth,Emydura_macquarii,-29.38272,151.88449
LSWt014,Emmac_Kurrajong_Stn,Border-Nth,Emydura_macquarii,-29.38272,151.88449
LSWt015,Emmac_Kurrajong_Stn,Border-Nth,Emydura_macquarii,-29.38272,151.88449
LSWt016,Emmac_Kurrajong_Stn,Border-Nth,Emydura_macquarii,-29.38272,151.88449
LSWt017,Emmac_Kurrajong_Stn,Border-Nth,Emydura_macquarii,-29.38272,151.88449
LSWt018,Emmac_Kurrajong_Stn,Border-Nth,Emydura_macquarii,-29.38272,151.88449
LSWt019,Emmac_Kurrajong_Stn,Border-Nth,Emydura_macquarii,-29.38272,151.88449
LSWt020,Emmac_Gwydir_Stony_Batter_Stn,Gwydir,Emydura_macquarii,-30.28777,151.13486
LSWt021,Emmac_Gwydir_Stony_Batter_Stn,Gwydir,Emydura_macquarii,-30.4288,151.5974
LSWt022,Emmac_Gwydir_Stony_Batter_Stn,Gwydir,Emydura_macquarii,-29.72723298,151.787074
LSWt023,Emmac_Gwydir_Stony_Batter_Stn,Gwydir,Emydura_macquarii,-29.72723298,151.787074
LSWt024,Emmac_Gwydir_Stony_Batter_Stn,Gwydir,Emydura_macquarii,-29.73107399,151.789023
LSWt025,Mybel_Deepwater_Stn,Border-Nth,Myuchelys_bellii,-29.425255,151.842573
LSWt026,Mybel_Deepwater_Stn,Border-Nth,Myuchelys_bellii,-29.425255,151.842573
LSWt027,Mybel_Kurrajong_Stn,Border-Nth,Myuchelys_bellii,-29.38272,151.88449
LSWt028,Mybel_Gwydir_Copes_Ck,Gwydir,Myuchelys_bellii,-29.925495,151.106577
LSWt029,Mybel_Gwydir_Copes_Ck,Gwydir,Myuchelys_bellii,-29.925495,151.106577
LSWt030,Mybel_Gwydir_Copes_Ck,Gwydir,Myuchelys_bellii,-29.925461,151.106343
LSWt031,Mybel_Gwydir_Copes_Ck,Gwydir,Myuchelys_bellii,-29.925461,151.106343
LSWt032,Mybel_Gwydir_Copes_Ck,Gwydir,Myuchelys_bellii,-29.925461,151.106343
LSWt033,Mybel_Gwydir_Copes_Ck,Gwydir,Myuchelys_bellii,-29.92533,151.106338
LSWt034,Mybel_Gwydir_Copes_Ck,Gwydir,Myuchelys_bellii,-29.92555642,151.1069285
LSWt035,Mybel_Gwydir_Copes_Ck,Gwydir,Myuchelys_bellii,-29.92555642,151.1069285
LSWt036,Mybel_Gwydir_Copes_Ck,Gwydir,Myuchelys_bellii,-29.92555642,151.1069285
LSWt037,Mybel_Gwydir_Copes_Ck,Gwydir,Myuchelys_bellii,-29.92555642,151.1069285
LSWt038,Mybel_Gwydir_Georges_Ck,Gwydir,Myuchelys_bellii,-30.14236299,151.381301
LSWt039,Mybel_Gwydir_Georges_Ck,Gwydir,Myuchelys_bellii,-30.14204004,151.381603
LSWt040,Mybel_Gwydir_Georges_Ck,Gwydir,Myuchelys_bellii,-30.14156898,151.381954
LSWt041,Mybel_Gwydir_Georges_Ck,Gwydir,Myuchelys_bellii,-30.14094796,151.382346
LSWt042,Mybel_Gwydir_Swan_Reach,Gwydir,Myuchelys_bellii,-30.21392,151.08323
LSWt043,Mybel_Gwydir_Swan_Reach,Gwydir,Myuchelys_bellii,-30.2154,151.08048
LSWt044,Mybel_Gwydir_Swan_Reach,Gwydir,Myuchelys_bellii,-30.2154,151.08048
LSWt045,Mybel_Gwydir_Swan_Reach,Gwydir,Myuchelys_bellii,-30.2154,151.08048
LSWt046,Mybel_Gwydir_Swan_Reach,Gwydir,Myuchelys_bellii,-30.21457,151.08235
LSWt047,Mybel_Gwydir_Swan_Reach,Gwydir,Myuchelys_bellii,-30.21367,151.08357
LSWt048,Mybel_Gwydir_Kentucky_Creek,Gwydir,Myuchelys_bellii,-30.6763,151.4529
LSWt049,Mybel_Gwydir_Kentucky_Creek,Gwydir,Myuchelys_bellii,-30.675,151.4513
LSWt050,Mybel_Gwydir_Kentucky_Creek,Gwydir,Myuchelys_bellii,-30.675,151.4513
LSWt051,Mybel_Gwydir_Kentucky_Creek,Gwydir,Myuchelys_bellii,-30.675,151.4513
LSWt052,Mybel_Gwydir_Kentucky_Creek,Gwydir,Myuchelys_bellii,-30.675,151.4513
LSWt053,Mybel_Gwydir_Kentucky_Creek,Gwydir,Myuchelys_bellii,-30.675,151.4513
LSWt054,Mybel_Gwydir_Kentucky_Creek,Gwydir,Myuchelys_bellii,-30.6763,151.4529
LSWt055,Mybel_Gwydir_Kentucky_Creek,Gwydir,Myuchelys_bellii,-30.6748,151.4529
LSWt056,Mybel_Gwydir_Kentucky_Creek,Gwydir,Myuchelys_bellii,-30.6748,151.4529
LSWt057,Mybel_Gwydir_Kentucky_Creek,Gwydir,Myuchelys_bellii,-30.6763,151.4529
LSWt059,Mybel_Gwydir_Moredun_Creek,Gwydir,Myuchelys_bellii,-30.07130097,151.335827
LSWt060,Mybel_Gwydir_Moredun_Creek,Gwydir,Myuchelys_bellii,-30.070889,151.33737
LSWt061,Mybel_Gwydir_Moredun_Creek,Gwydir,Myuchelys_bellii,-30.06970497,151.340231
LSWt062,Mybel_Gwydir_Limestone_Creek,Gwydir,Myuchelys_bellii,-30.071781,151.338682
LSWt063,Mybel_Gwydir_Limestone_Creek,Gwydir,Myuchelys_bellii,-30.07380498,151.343717
LSWt064,Mybel_Gwydir_Limestone_Creek,Gwydir,Myuchelys_bellii,-30.07380498,151.343717
LSWt065,Mybel_Gwydir_Limestone_Creek,Gwydir,Myuchelys_bellii,-30.07380498,151.343717
LSWt066,Mybel_Gwydir_Limestone_Creek,Gwydir,Myuchelys_bellii,-30.07390204,151.343894
LSWt067,Mybel_Gwydir_Limestone_Creek,Gwydir,Myuchelys_bellii,-30.07390204,151.343894
LSWt068,Mybel_Gwydir_Dumeresq_Dam,Gwydir,Myuchelys_bellii,-30.4288,151.5974
LSWt069,Mybel_Gwydir_Dumeresq_Dam,Gwydir,Myuchelys_bellii,-30.4288,151.5974
LSWt070,Mybel_Beardy_Waters,Border-Sth,Myuchelys_bellii,-29.725957,151.787476
LSWt071,Mybel_Beardy_Waters,Border-Sth,Myuchelys_bellii,-29.730847,151.788502
LSWt072,Mybel_Beardy_Waters,Border-Sth,Myuchelys_bellii,-29.732975,151.787779
LSWt073,Mybel_Beardy_Waters,Border-Sth,Myuchelys_bellii,-29.7333,151.783689
LSWt074,Mybel_Beardy_Waters,Border-Sth,Myuchelys_bellii,-29.732975,151.787779
LSWt075,Mybel_Beardy_Waters,Border-Sth,Myuchelys_bellii,-29.73254903,151.789501
LSWt076,Mybel_Beardy_Waters,Border-Sth,Myuchelys_bellii,-29.76509,151.77208
LSWt077,Mybel_Beardy_Waters,Border-Sth,Myuchelys_bellii,-29.73376198,151.786853
LSWt078,Mybel_Beardy_Waters,Border-Sth,Myuchelys_bellii,-29.733752,151.784559
LSWt079,Mybel_Beardy_Waters,Border-Sth,Myuchelys_bellii,-29.69718796,151.799063
LSWt080,Mybel_Beardy_Waters,Border-Sth,Myuchelys_bellii,-29.69668798,151.799048
LSWt081,Mybel_Beardy_Waters,Border-Sth,Myuchelys_bellii,-29.69668798,151.799048
LSWt082,Mybel_Beardy_Waters,Border-Sth,Myuchelys_bellii,-29.69140604,151.797994
LSWt083,Mybel_Beardy_Waters,Border-Sth,Myuchelys_bellii,-29.586553,151.741131
LSWt084,Mybel_Beardy_Waters,Border-Sth,Myuchelys_bellii,-29.68465,151.79765
LSWt085,Mybel_Severn_Bens_Falls,Border-Sth,Myuchelys_bellii,-29.5085,151.6267
LSWt086,Mybel_Severn_Bens_Falls,Border-Sth,Myuchelys_bellii,-29.5085,151.6271
LSWt087,Mybel_Severn_Bens_Falls,Border-Sth,Myuchelys_bellii,-29.5027,151.6113
LSWt088,Mybel_Severn_Canoon,Border-Sth,Myuchelys_bellii,-29.47887,151.48747
LSWt089,Mybel_Severn_Canoon,Border-Sth,Myuchelys_bellii,-29.47887,151.48747
LSWt090,Mybel_Severn_Canoon,Border-Sth,Myuchelys_bellii,-29.47887,151.48747
LSWt091,Mybel_Severn_Rangers,Border-Sth,Myuchelys_bellii,,
LSWt092,Mybel_Severn_Emmaville,Border-Sth,Myuchelys_bellii,-29.50629598,151.708487
LSWt093,Mybel_Severn_Rangers,Border-Sth,Myuchelys_bellii,-29.53298002,151.719418
LSWt094,Mybel_Severn_Rangers,Border-Sth,Myuchelys_bellii,-29.53243897,151.718157
LSWt095,Mybel_Severn_Rangers,Border-Sth,Myuchelys_bellii,-29.50977598,151.71074
LSWt096,Mybel_Severn_Rangers,Border-Sth,Myuchelys_bellii,-29.50940399,151.710474
LSWt097,Mybel_Severn_Rangers,Border-Sth,Myuchelys_bellii,-29.50894802,151.710492
LSWt098,Mybel_Severn_Rangers,Border-Sth,Myuchelys_bellii,-29.50869899,151.71054
LSWt099,Mybel_Severn_Emmaville,Border-Sth,Myuchelys_bellii,-29.50728597,151.710315
LSWt100,Mybel_Severn_Emmaville,Border-Sth,Myuchelys_bellii,-29.50728597,151.710315
LSWt101,Mybel_Severn_Emmaville,Border-Sth,Myuchelys_bellii,-29.50728597,151.710315
LSWt102,Mybel_Severn_Rangers,Border-Sth,Myuchelys_bellii,-29.50905799,151.703975
LSWt103,Mybel_Severn_Rangers,Border-Sth,Myuchelys_bellii,-29.50905799,151.703975
LSWt104,Mybel_Severn_Rangers,Border-Sth,Myuchelys_bellii,-29.50905799,151.703975
LSWt105,Mybel_Severn_Rangers,Border-Sth,Myuchelys_bellii,-29.50905799,151.703975
LSWt106,Mybel_Severn_Emmaville,Border-Sth,Myuchelys_bellii,-29.50728597,151.710315
LSWt107,Mybel_Severn_Wellingrove_Ck,Border-Sth,Myuchelys_bellii,-29.6865,151.5483
LSWt108,Mybel_Severn_Wellingrove_Ck,Border-Sth,Myuchelys_bellii,-29.6865,151.5483
LSWt109,Mybel_Severn_Wellingrove_Ck,Border-Sth,Myuchelys_bellii,-29.685,151.5521
LSWt110,Mybel_Severn_Wellingrove_Ck,Border-Sth,Myuchelys_bellii,-29.6849,151.5526
LSWt111,Bella_mum,Bellinger,Myuchelys_georgesi,-30.4208,152.7541
MRT_Adult_2,MRT_Adult_2,Captive,Myuchelys_purvisi,,
MRT_Adult_3,MRT_Adult_3,Captive,Myuchelys_purvisi,,
MRT_Adult_4,MRT_Adult_4,Captive,Myuchelys_purvisi,,
MRT_Adult_5,MRT_Adult_5,Captive,Myuchelys_purvisi,,
MRT_Adult_6,MRT_Adult_6,Captive,Myuchelys_purvisi,,
MRT_Adult_7,MRT_Adult_7,Captive,Myuchelys_purvisi,,
MRT_Adult_8,MRT_Adult_8,Captive,Myuchelys_purvisi,,
MRT_Adult_9,MRT_Adult_9,Captive,Myuchelys_purvisi,,
MRT_Adult_Grey,MRT_Adult_Grey,Captive,Myuchelys_purvisi,,
MRT_Adult_Manny,MRT_Adult_Manny,Captive,Myuchelys_purvisi,,
Q19128,Mybel_BaldRock,Border-Nth,Myuchelys_bellii,-28.829497,151.939868
Q19130,Mybel_BaldRock,Border-Nth,Myuchelys_bellii,-28.829497,151.939868
Q19131,Mybel_BaldRock,Border-Nth,Myuchelys_bellii,-28.829497,151.939868
Q19133,Mybel_BaldRock,Border-Nth,Myuchelys_bellii,-28.831902,151.948555
Q19134,Mybel_BaldRock,Border-Nth,Myuchelys_bellii,-28.829497,151.939868
Q19139,Mybel_BaldRock,Border-Nth,Myuchelys_bellii,-28.831902,151.948555
Q19140,Mybel_BaldRock,Border-Nth,Myuchelys_bellii,-28.831902,151.948555
Q19141,Mybel_BaldRock,Border-Nth,Myuchelys_bellii,-28.829497,151.939868
Q19145,Mybel_BaldRock,Border-Nth,Myuchelys_bellii,-28.829497,151.939868
TH00001,Mypur_Barnard,,Myuchelys_purvisi,-31.78912,151.917028
TH00002,Mypur_Barnard,,Myuchelys_purvisi,-31.7891,151.917
TH00003,Mypur_Manning,,Myuchelys_purvisi,-31.785799,151.91873
